Date,Product,Region,Sales,Profit,Quantity
2026-01-05,Laptop,North,75000,15000,3
2026-01-10,Mobile,South,45000,9000,5
2026-01-15,Laptop,West,90000,18000,4
2026-02-02,Tablet,North,30000,6000,6
2026-02-08,Mobile,East,55000,11000,6
2026-02-15,Laptop,South,85000,17000,3
2026-03-03,Tablet,West,40000,8000,8
2026-03-10,Mobile,North,65000,13000,7
2026-03-18,Laptop,East,95000,19000,4
2026-03-25,Tablet,South,35000,7000,7
2026-04-02,Mobile,West,60000,12000,6
2026-04-10,Laptop,North,100000,20000,5
2026-04-18,Tablet,East,42000,8400,8
2026-05-01,Mobile,South,70000,14000,7
2026-05-08,Laptop,West,110000,22000,5